,Unnamed: 0,Unnamed: 0.1,ISEQNO,Win,WAR,NAME,Location,Attacker,Defender,Defense,Terrain,Weather,Surprise,Air Power,Personnel_R,Tanks_R,Artillery_R,Leadership,Training ,Morale,Logisitics,Momentum,Intelligence,Initiative,Attack Scheme,Attack_Y,Attack_M
0,0,49,310,1,WORLD WAR I,1916 BRUSILOV OFFENSIVE,Europe,Russian Army,Austrian Army,Prepared Defense,Rolling/Mixed,Dry/Sunny/Temperate,2,0,1.2,,1.049837486457205,0,0,0,1,0,0,1,FF,1916,6
1,1,52,313,1,WORLD WAR I,TRENTINO COUNTER-OFFENSIVE,Europe,Italian Army,Austrian Army,Hasty Defense,Rugged/Bare,Dry/Sunny/Temperate,0,0,1.162790697674419,,0.3115,0,0,0,1,0,0,0,FF,1916,6
2,2,26,287,1,WORLD WAR I,THE KOLUBRA,Europe,Russian Army,Austrian Army,Prepared Defense,Rugged/Mixed,Wet/H_Rain/Temperate,2,0,1.0,,1.0,1,0,0,1,0,0,1,FF,1914,12
3,3,34,295,-1,WORLD WAR I,FIRST ISONZO,Europe,Italian Army,Austrian Army,Fortified Defense,Rugged/Mixed,Dry/Sunny/Temperate,0,0,1.0,,-212.0,0,0,0,0,0,0,1,FF,1915,6
4,4,35,296,-1,WORLD WAR I,SECOND ISONZO,Europe,Italian Army,Austrian Army,Fortified Defense,Rugged/Mixed,Dry/Sunny/Temperate,0,0,1.0,,1.0,0,0,0,0,0,0,0,FF,1915,7
5,5,36,297,-1,WORLD WAR I,THIRD ISONZO,Europe,Italian Army,Austrian Army,Fortified Defense,Rugged/Mixed,Dry/Sunny/Cold,0,0,1.0,,-1200.0,0,0,0,0,0,0,0,FF,1915,10
6,6,37,298,-1,WORLD WAR I,FOURTH ISONZO,Europe,Italian Army,Austrian Army,Fortified Defense,Rugged/Mixed,Dry/Sunny/Cold,0,0,1.0,,-1200.0,0,0,0,0,0,0,0,FF,1915,11
7,7,50,311,-1,WORLD WAR I,FIFTH ISONZO,Europe,Italian Army,Austrian Army,Fortified Defense,Rugged/Mixed,Wet/H_Rain/Cold,0,0,1.0,,1.0,0,0,0,0,0,0,0,FF,1916,3
8,8,53,314,1,WORLD WAR I,SIXTH ISONZO (GORIZIA),Europe,Italian Army,Austrian Army,Fortified Defense,Rugged/Mixed,Dry/Sunny/Temperate,1,0,1.833333333333333,,4.666666666666667,0,0,0,1,0,0,1,FF,1916,8
9,9,60,321,1,WORLD WAR I,TENTH ISONZO,Europe,Italian Army,Austrian Army,Fortified Defense,Rugged/Bare,Dry/Sunny/Temperate,0,0,1.696969696969697,,1.571428571428571,0,0,0,0,0,0,1,FF,1917,5
10,10,61,322,1,WORLD WAR I,ELEVENTH ISONZO,Europe,Italian Army,Austrian Army,Fortified Defense,Rugged/Bare,Dry/Sunny/Temperate,0,0,2.055555555555555,,-1700.0,0,0,0,0,0,0,0,FF,1917,8
11,11,225,486,1,WORLD WAR II,JITRA,Pacific,Japanese Army,British Army,Hasty Defense,Rolling/Wooded,Wet/H_Rain/Hot,1,1,0.5833333333333334,,0.9285714285714286,1,2,1,0,1,0,1,FF,1941,12
12,12,70,331,1,WORLD WAR I,LYS,Europe,German Army,British Army,Fortified Defense,Flat/Mixed,Wet/H_Rain/Temperate,1,-1,1.0,0.05,1.0,0,0,0,-1,1,0,1,FF,1918,4
13,13,162,423,-1,WORLD WAR II,THE FACTORY,Europe,German Army,British Army,Hasty Defense,Flat/Mixed,Dry/Sunny/Cold,0,-1,0.852080551846907,1.295774647887324,0.5371900826446281,0,0,0,0,0,0,1,FF,1944,1
14,14,165,426,-1,WORLD WAR II,CARROCETO,Europe,German Army,British Army,Prepared Defense,Flat/Mixed,Dry/Sunny/Cold,0,-1,5.867109634551495,0.7697841726618705,2.695121951219512,0,1,0,0,0,0,1,FF,1944,2
15,15,167,428,1,WORLD WAR II,APRILIA II,Europe,German Army,British Army,Prepared Defense,Flat/Mixed,Dry/Sunny/Cold,0,-1,1.552058657642414,1.13,0.9867256637168141,0,0,0,0,0,0,1,FF,1944,2
16,16,164,425,1,WORLD WAR II,CAMPOLEONE COUNTERATTACK,Europe,German Army,British Army,Prepared Defense,Flat/Mixed,Dry/Sunny/Temperate,0,-1,2.6468375025422,3.057142857142857,1.819672131147541,0,1,0,0,0,0,1,DE,1944,2
17,17,68,329,1,WORLD WAR I,SECOND SOMME-PHASE I (SOMME-PERONNE),Europe,German Army,British Army,Fortified Defense,Rolling/Mixed,Wet/H_Rain/Temperate,2,-1,2.0,0.03571428571428571,2.5892,0,0,0,-1,0,0,1,FF,1918,3
18,18,69,330,0,WORLD WAR I,SECOND SOMME-PHASE II (SOMME-MONTDIDIER),Europe,German Army,British Army,Fortified Defense,Rolling/Mixed,Wet/H_Rain/Temperate,0,-1,1.166666666666667,-0.005,1.6,0,0,0,-1,1,0,1,FF,1918,3
19,19,29,290,-1,WORLD WAR I,YPRES II,Europe,German Army,British Army,Fortified Defense,Flat/Mixed,Dry/Sunny/Temperate,2,0,1.0,,1.0,0,0,0,0,0,0,0,FF,1915,4
20,20,59,320,1,WORLD WAR I,CAMBRAI II,Europe,German Army,British Army,Prepared Defense,Rolling/Mixed,Dry/Sunny/Temperate,1,0,1.444444444444444,0.0,1.2,0,0,0,0,0,0,1,FF,1917,11
21,21,136,397,-1,WORLD WAR II,VIETRI,Europe,German Army,British Army,Hasty Defense,Rolling/Mixed,Dry/Sunny/Temperate,0,-1,1.161260354571495,3.6,1.123287671232877,0,1,0,0,0,0,0,FF,1943,9
22,22,140,401,-1,WORLD WAR II,VIETRI II,Europe,German Army,British Army,Prepared Defense,Rolling/Mixed,Dry/Sunny/Temperate,0,-1,0.7032571912013537,1.125,1.078947368421053,0,1,0,0,0,0,0,FF,1943,9
23,23,135,396,-1,WORLD WAR II,BATTIPAGLIA I,Europe,German Army,British Army,Hasty Defense,Rolling/Mixed,Dry/Sunny/Temperate,0,-1,1.31166518254675,2.966666666666667,0.7397260273972602,0,1,0,0,0,0,0,FF,1943,9
24,24,170,431,1,WORLD WAR II,MOLETTA RIVER II,Europe,German Army,British Army,Fortified Defense,Flat/Mixed,Dry/Sunny/Cold,2,-1,2.200389304374552,0.4067796610169492,0.9027027027027027,0,1,0,0,1,0,1,RC,1944,2
25,25,156,417,1,WORLD WAR II,MONTE CAMINO II,Europe,German Army,British Army,Hasty Defense,Rugged/Mixed,Wet/L_Rain/Temperate,0,-1,1.527307692307692,,0.3660714285714285,0,1,0,0,0,0,1,FF,1943,11
26,26,124,385,-1,WORLD WAR II,ALAM HALFA,North Africa,German Army,British Army,Prepared Defense,Flat/Desert,Dry/Sunny/Temperate,0,-1,1.033333333333333,1.144444444444444,0.96875,0,0,0,-1,0,0,1,EE,1942,8
27,27,4,265,1,WORLD WAR I,MONS,Europe,German Army,British Army,Hasty Defense,Flat/Mixed,Dry/Sunny/Temperate,0,0,1.0,,1.829268292682927,0,0,0,0,0,0,0,FF,1914,8
28,28,5,266,1,WORLD WAR I,LE CATEAU,Europe,German Army,British Army,Hasty Defense,Rolling/Mixed,Dry/Sunny/Temperate,0,0,1.0,,-0.006666666666666667,0,0,0,0,1,0,0,FF,1914,8
29,29,7,268,-1,WORLD WAR I,HEIGHTS OF NANCY,Europe,German Army,French Army,Fortified Defense,Rolling/Mixed,Dry/Sunny/Temperate,0,0,1.0,,1.0,0,0,0,0,0,0,0,FF,1914,9
30,30,1,262,1,WORLD WAR I,ALSACE-LORRAINE II,Europe,German Army,French Army,Hasty Defense,Rolling/Mixed,Dry/Sunny/Temperate,0,0,1.0,,1.0,0,0,0,0,0,0,0,FF,1914,8
31,31,224,485,1,WORLD WAR II,SEDAN-MEUSE RIVER,Europe,German Army,French Army,Prepared Defense,Rolling/Mixed,Dry/Sunny/Temperate,2,1,0.8,3.0,1.052083333333333,1,1,1,0,1,0,1,RC,1940,5
32,32,88,349,-1,WORLD WAR I,NOYON-MONTDIDIER,Europe,German Army,French Army,Fortified Defense,Rolling/Mixed,Dry/Sunny/Temperate,0,-1,1.0,-0.006944444444444444,1.0,0,0,0,0,1,0,1,FF,1918,6
33,33,14,275,-1,WORLD WAR I,GAP OF REVIGNY,Europe,German Army,French Army,Hasty Defense,Rolling/Mixed,Dry/Sunny/Temperate,0,0,1.0,,1.0,0,0,0,0,0,0,-1,FF,1914,9
34,34,13,274,-1,WORLD WAR I,VITRY LE FRANCOIS,Europe,German Army,French Army,Hasty Defense,Rolling/Mixed,Dry/Sunny/Temperate,0,0,1.0,,1.0,0,0,0,0,0,0,0,FF,1914,9
35,35,3,264,1,WORLD WAR I,THE SAMBRE,Europe,German Army,French Army,Hasty Defense,Rolling/Mixed,Dry/Sunny/Temperate,0,0,1.0,,1.0,0,0,0,0,0,0,0,FF,1914,8
36,36,6,267,0,WORLD WAR I,GUISE,Europe,German Army,French Army,Hasty Defense,Rolling/Mixed,Dry/Sunny/Temperate,0,0,1.0,,1.0,0,0,0,0,1,-1,0,FF,1914,8
37,37,72,333,-1,WORLD WAR I,CHEMIN-DES-DAMES,Europe,German Army,French Army,Fortified Defense,Rugged/Mixed,Dry/Sunny/Temperate,2,-1,3.333333333333333,1.0,-3719.0,-1,0,0,0,0,-1,1,FF,1918,5
38,38,89,350,-1,WORLD WAR I,CHAMPAGNE-MARNE,Europe,German Army,French Army,Fortified Defense,Rolling/Mixed,Dry/Sunny/Temperate,0,1,1.0,-20.0,1.0,0,0,0,0,1,0,1,DE,1918,7
39,39,12,273,-1,WORLD WAR I,MARSHES OF ST.GOND,Europe,German Army,French Army,Hasty Defense,Flat/Mixed,Dry/Sunny/Temperate,0,0,1.0,,1.0,-1,0,0,0,0,0,0,FF,1914,9
40,40,313,656,1,WORLD WAR II,ARDENNES,Europe,German Army,French Army,Unknown,Rolling/Mixed,Wet/L_Rain/Temperate,3,9,1.0,1.129166666666667,1.0,-9,-9,-9,-9,-9,-9,-9,RC,1940,5
41,41,314,657,1,WORLD WAR II,CAMBRAI,Europe,German Army,French Army,Unknown,Rolling/Mixed,Wet/L_Rain/Temperate,1,9,1.0,0.9159663865546218,1.0,-9,-9,-9,-9,-9,-9,-9,FF,1940,5
42,42,126,387,1,WORLD WAR II,OPERATION LIGHTFOOT,North Africa,British Army,German Army,Fortified Defense,Flat/Desert,Dry/Sunny/Temperate,2,1,2.095321365100786,1.748735244519393,1.533783783783784,0,0,0,1,0,1,1,FF,1942,10
43,43,127,388,1,WORLD WAR II,ALAMEIN BRIDGEHEAD EXPANSION,North Africa,British Army,German Army,Fortified Defense,Flat/Desert,Dry/Sunny/Temperate,0,1,2.111102356000315,1.585106382978723,-906.0,0,0,0,1,0,0,1,FF,1942,10
44,44,128,389,1,WORLD WAR II,OPERATION SUPERCHARGE,North Africa,British Army,German Army,Fortified Defense,Flat/Desert,Dry/Sunny/Temperate,0,1,2.175257731958763,2.258064516129032,-906.0,0,0,0,1,1,0,1,FF,1942,11
45,45,125,386,1,WORLD WAR II,EL ALAMEIN II,North Africa,British Army,German Army,Fortified Defense,Flat/Desert,Dry/Sunny/Temperate,2,1,2.095321365100786,1.748735244519393,1.533783783783784,0,0,0,1,0,1,1,FF,1942,10
46,46,248,509,1,WORLD WAR II,YASSY-KISHINEV OPERATION,USSR,Soviet Union,German Army,Prepared Defense,Flat/Mixed,Dry/Sunny/Temperate,1,1,1.5625,3.57,1.967857142857143,2,2,2,2,1,2,2,DE,1944,8
47,47,114,375,1,WORLD WAR I,LA NEUVILLE LE COMTE FERME,Europe,US Military,German Army,Fortified Defense,Rolling/Mixed,Dry/Overcast/Temperate,0,1,2.765463917525773,,1.8,0,-1,2,0,0,0,1,FF,1918,10
48,48,106,367,1,WORLD WAR I,MEDEAH FARM,Europe,US Military,German Army,Fortified Defense,Rolling/Mixed,Dry/Sunny/Temperate,0,1,12.39354838709677,,0.24,0,-1,1,0,0,0,1,FF,1918,10
49,49,83,344,-1,WORLD WAR I,NORTH WOOD III,Europe,US Military,German Army,Fortified Defense,Rugged/Wooded,Dry/Overcast/Temperate,0,-1,0.802555910543131,,0.0,0,-1,1,0,0,0,1,FF,1918,6
50,50,84,345,1,WORLD WAR I,NORTH WOOD IV (FINAL ASSAULT),Europe,US Military,German Army,Fortified Defense,Rugged/Wooded,Dry/Sunny/Temperate,0,-1,1.0,,2.4,0,-1,1,0,0,0,1,FF,1918,6
51,51,86,347,1,WORLD WAR I,LA ROCHE WOOD EAST,Europe,US Military,German Army,Fortified Defense,Rolling/Mixed,Dry/Sunny/Temperate,0,1,0.8712852180625241,1.0,0.75,0,-1,1,0,0,0,1,FF,1918,7
52,52,76,337,-1,WORLD WAR I,WEST WOOD I,Europe,US Military,German Army,Prepared Defense,Rolling/Mixed,Dry/Sunny/Temperate,0,0,1.559322033898305,,1.8,-1,-1,1,0,0,0,0,FF,1918,6
53,53,79,340,1,WORLD WAR I,WEST WOOD II,Europe,US Military,German Army,Prepared Defense,Rugged/Wooded,Wet/L_Rain/Temperate,0,0,1.859288097886541,,1.714285714285714,-1,-1,1,0,0,0,1,FF,1918,6
54,54,78,339,-1,WORLD WAR I,HILL 192,Europe,US Military,German Army,Prepared Defense,Rolling/Mixed,Dry/Overcast/Temperate,0,0,0.9122629582806574,,1.8,-1,-1,1,0,0,0,-1,FF,1918,6
55,55,98,359,1,WORLD WAR I,BERZY LE SEC,Europe,US Military,German Army,Fortified Defense,Rolling/Mixed,Wet/L_Rain/Temperate,0,1,11.42857142857143,1.0,3.272727272727273,0,0,2,0,1,0,1,FF,1918,7
56,56,48,309,-1,WORLD WAR I,LAKE NAROTCH,USSR,Russian Army,German Army,Prepared Defense,Rolling/Mixed,Dry/Sunny/Temperate,0,0,1.0,,2.015909090909091,0,0,0,0,0,0,0,FF,1916,3
57,57,212,473,1,WORLD WAR II,BOURGALTROFF,Europe,US Military,German Army,Prepared Defense,Rolling/Mixed,Wet/L_Rain/Cold,0,1,1.587360024543642,7.1875,1.950617283950617,0,0,0,0,1,0,1,FF,1944,11
58,58,210,471,1,WORLD WAR II,MORHANGE,Europe,US Military,German Army,Prepared Defense,Rolling/Mixed,Wet/L_Rain/Cold,0,1,3.425678358702846,12.625,1.339622641509434,0,0,0,1,0,0,1,FF,1944,11
59,59,195,456,1,WORLD WAR II,IL GIOGIO PASS,Europe,US Military,German Army,Fortified Defense,Rolling/Mixed,Dry/Sunny/Temperate,0,1,4.248918918918918,,5.0,0,0,0,0,0,0,0,FF,1944,9
60,60,105,366,1,WORLD WAR I,BLANC MONT I,Europe,US Military,German Army,Fortified Defense,Rolling/Mixed,Dry/Sunny/Temperate,0,1,1.0,,0.9504950495049505,0,-1,1,0,0,0,1,FF,1918,10
61,61,91,352,1,WORLD WAR I,MISSY AUX BOIS RAVINE,Europe,US Military,German Army,Fortified Defense,Rolling/Mixed,Dry/Overcast/Temperate,2,1,1.660803186193163,,1.074074074074074,0,0,1,0,0,0,1,FF,1918,7
62,62,217,478,0,WORLD WAR II,DURSTEL-FAERBERSVILLER,Europe,US Military,German Army,Prepared Defense,Rolling/Mixed,Wet/L_Rain/Cold,0,1,2.932990362073457,8.32,1.190789473684211,0,0,0,0,0,0,1,FF,1944,11
63,63,209,470,1,WORLD WAR II,FORET DE CHATEAU-SALINS,Europe,US Military,German Army,Fortified Defense,Rolling/Mixed,Wet/H_Rain/Cold,0,1,3.896915511846223,16.3,1.572368421052632,0,0,0,1,1,0,0,FF,1944,11
64,64,211,472,1,WORLD WAR II,MORHANGE-FAULQUEMONT,Europe,US Military,German Army,Fortified Defense,Rolling/Mixed,Wet/L_Rain/Cold,0,1,3.255337890212106,8.317460317460318,3.047337278106509,0,0,0,1,1,0,1,FF,1944,11
65,65,213,474,1,WORLD WAR II,SARRE-ST. AVOLD,Europe,US Military,German Army,Prepared Defense,Rolling/Mixed,Dry/Overcast/Cold,0,1,2.745431534757377,9.727272727272727,2.507246376811594,0,0,0,0,1,0,1,FF,1944,11
66,66,219,480,1,WORLD WAR II,SARRE-SINGLING,Europe,US Military,German Army,Delay,Rolling/Mixed,Dry/Overcast/Temperate,0,1,2.856322021523126,14.85714285714286,2.927461139896373,0,0,0,0,1,0,1,FF,1944,12
67,67,118,379,1,WORLD WAR I,HILL 272,Europe,US Military,German Army,Fortified Defense,Rolling/Mixed,Dry/Overcast/Temperate,0,1,1.150994927818962,,1.032258064516129,0,-1,2,0,0,0,1,FF,1918,10
68,68,121,382,1,WORLD WAR I,HILL 252-PONT MAUGIS,Europe,US Military,German Army,Prepared Defense,Rolling/Mixed,Wet/L_Rain/Temperate,0,1,1.201812688821752,,0.0,0,-1,2,0,1,0,1,FF,1918,11
69,69,117,378,1,WORLD WAR I,BOIS DE BOYON-MONTREFAGNE,Europe,US Military,German Army,Fortified Defense,Rolling/Mixed,Dry/Overcast/Temperate,0,1,1.633504273504274,,1.454545454545455,0,-1,2,0,0,0,1,FF,1918,10
70,70,148,409,1,WORLD WAR II,CANAL I,Europe,British Army,German Army,Prepared Defense,Flat/Mixed,Wet/L_Rain/Temperate,0,1,1.794052592774638,3.95,1.511111111111111,0,0,0,0,0,0,1,RC,1943,10
71,71,141,402,1,WORLD WAR II,GRAZZANISE,Europe,British Army,German Army,Prepared Defense,Flat/Mixed,Dry/Sunny/Temperate,0,1,1.804288547347546,4.051282051282051,1.511111111111111,0,0,0,0,0,0,1,RC,1943,10
72,72,158,419,-1,WORLD WAR II,CALABRITTO,Europe,British Army,German Army,Fortified Defense,Rugged/Mixed,Wet/L_Rain/Temperate,0,1,2.341196626251977,4.25,3.513513513513514,0,-1,0,0,0,0,0,FF,1943,12
73,73,144,405,1,WORLD WAR II,CASTEL VOLTURNO,Europe,British Army,German Army,Prepared Defense,Flat/Mixed,Dry/Sunny/Temperate,0,1,2.177617063005639,1.307692307692308,4.422222222222222,0,0,0,0,0,0,1,RC,1943,10
74,74,150,411,1,WORLD WAR II,CANAL II,Europe,British Army,German Army,Prepared Defense,Rolling/Mixed,Wet/L_Rain/Temperate,0,1,2.153051181102362,1.307692307692308,3.733333333333333,0,-1,0,0,0,0,0,RC,1943,10
75,75,153,414,-1,WORLD WAR II,MONTE CAMINO I,Europe,British Army,German Army,Fortified Defense,Rugged/Mixed,Wet/L_Rain/Temperate,0,1,2.890814814814815,1.184210526315789,3.902439024390244,0,-1,0,0,0,0,0,FF,1943,11
76,76,151,412,-1,WORLD WAR II,FRANCOLISE,Europe,British Army,German Army,Prepared Defense,Flat/Mixed,Wet/L_Rain/Temperate,0,1,1.730959446092977,4.051282051282051,1.511111111111111,0,-1,0,0,0,0,0,FF,1943,10
77,77,159,420,1,WORLD WAR II,MONTE CAMINO III,Europe,British Army,German Army,Fortified Defense,Rugged/Mixed,Wet/L_Rain/Temperate,0,1,6.309002433090025,0.0,4.117647058823529,0,-1,0,0,0,0,0,FF,1943,12
78,78,160,421,1,WORLD WAR II,MONTE MAGGIORE,Europe,US Military,German Army,Fortified Defense,Rugged/Mixed,Wet/H_Rain/Temperate,0,1,1.688260340632603,0.0,4.470588235294118,0,-1,0,0,0,0,0,FF,1943,12
79,79,237,498,1,WORLD WAR II,BELGOROD,USSR,Soviet Union,German Army,Fortified Defense,Rolling/Mixed,Dry/Sunny/Temperate,0,0,4.666666666666667,5.82,12.21052631578947,0,-1,1,1,1,1,1,FF,1943,8
80,80,133,394,1,WORLD WAR II,PORT OF SALERNO,Europe,British Army,German Army,Hasty Defense,Rolling/Mixed,Dry/Sunny/Temperate,1,1,3.039294117647059,0.0,3.0,0,-1,0,0,0,0,1,FF,1943,9
81,81,132,393,1,WORLD WAR II,AMPHITHEATER,Europe,British Army,German Army,Hasty Defense,Rolling/Mixed,Dry/Sunny/Temperate,1,1,3.039294117647059,0.0,2.464285714285714,0,-1,0,0,0,0,1,FF,1943,9
82,82,134,395,-1,WORLD WAR II,SELE-CALORE CORRIDOR,Europe,US Military,German Army,Hasty Defense,Rolling/Mixed,Dry/Sunny/Temperate,1,1,1.483551847437425,1.358974358974359,0.9111111111111111,0,-1,0,0,0,0,1,FF,1943,9
83,83,116,377,1,WORLD WAR I,HILL 212,Europe,US Military,German Army,Fortified Defense,Rolling/Mixed,Dry/Overcast/Temperate,0,1,1.505847076461769,,0.8888888888888888,0,-1,2,0,0,0,1,FF,1918,10
84,84,247,508,-1,WORLD WAR II,"VISTULA RIVER, PULAWY, PHASE II",Europe,Soviet Union,German Army,Prepared Defense,Flat/Mixed,Dry/Sunny/Temperate,0,1,2.7421875,1.416666666666667,1.974358974358974,0,0,1,0,1,0,1,FF,1944,8
85,85,246,507,1,WORLD WAR II,"VISTULA RIVER, CROSSING, PHASE I",Europe,Soviet Union,German Army,Prepared Defense,Flat/Mixed,Dry/Sunny/Temperate,0,1,2.490196078431373,0.0,2.628205128205128,0,0,1,0,1,0,1,RC,1944,7
86,86,241,502,1,WORLD WAR II,SEVASTOPOL,USSR,Soviet Union,German Army,Fortified Defense,Rolling/Mixed,Dry/Sunny/Temperate,0,1,5.522319444444444,9.8,3.704761904761905,2,2,2,2,1,2,2,FF,1944,5
87,87,44,305,-1,WORLD WAR I,SOMME-OVILLERS,Europe,British Army,German Army,Fortified Defense,Rolling/Mixed,Dry/Sunny/Temperate,0,1,4.035714285714286,,1.0,0,0,0,0,1,0,0,FF,1916,7
88,88,230,491,1,WORLD WAR II,LENINGRAD (OPERATION SPARK),USSR,Soviet Union,German Army,Fortified Defense,Flat/Mixed,Wet/L_Rain/Cold,0,0,4.0,15.8,6.445054945054945,1,1,2,1,0,0,2,FF,1943,1
89,89,55,316,-1,WORLD WAR I,AISNE II,Europe,French Army,German Army,Fortified Defense,Rolling/Mixed,Wet/H_Rain/Temperate,0,0,1.0,,-5114.0,0,0,0,0,0,0,0,FF,1917,4
90,90,46,307,1,WORLD WAR I,SOMME-FLERS-COURCELETTE,Europe,British Army,German Army,Fortified Defense,Rolling/Mixed,Dry/Sunny/Temperate,3,1,2.111111111111111,,-0.00125,0,0,0,0,1,0,1,FF,1916,9
91,91,11,272,1,WORLD WAR I,TWO MORINS,Europe,British Army,German Army,Delay,Rolling/Mixed,Dry/Sunny/Temperate,0,0,1.0,,15.83333333333333,0,0,0,0,0,0,0,FF,1914,9
92,92,202,463,1,WORLD WAR II,SEINE RIVER,Europe,US Military,German Army,Prepared Defense,Rolling/Mixed,Wet/L_Rain/Temperate,0,1,2.707933333333334,12.42105263157895,3.7,0,0,1,1,1,0,1,RC,1944,8
93,93,203,464,0,WORLD WAR II,MOSELLE-METZ,Europe,US Military,German Army,Delay,Rolling/Mixed,Wet/L_Rain/Temperate,0,1,1.43689156626506,3.65625,2.096774193548387,0,0,0,0,0,0,0,RC,1944,9
94,94,204,465,-1,WORLD WAR II,METZ,Europe,US Military,German Army,Fortified Defense,Rolling/Mixed,Wet/L_Rain/Temperate,0,1,1.535977766548762,5.363636363636363,1.193548387096774,0,0,0,0,0,0,0,00,1944,9
95,95,200,461,0,WORLD WAR II,CHARTRES,Europe,US Military,German Army,Hasty Defense,Rolling/Mixed,Dry/Sunny/Temperate,0,1,1.879399399399399,21.13333333333333,1.921052631578947,0,0,1,1,1,0,1,DE,1944,8
96,96,9,270,0,WORLD WAR I,OURCQ II,Europe,French Army,German Army,Hasty Defense,Rolling/Mixed,Dry/Sunny/Temperate,0,0,1.0,,1.0,0,0,0,0,0,0,0,FF,1914,9
97,97,16,277,-1,WORLD WAR I,STALLUPONEN,Europe,Russian Army,German Army,Hasty Defense,Flat/Mixed,Dry/Sunny/Temperate,-1,0,-50000.0,,1.2,-1,-1,0,0,0,-1,-1,FF,1914,8
98,98,239,500,1,WORLD WAR II,KORSUN-SCHEVCHENKOVSKIY,USSR,Soviet Union,German Army,Prepared Defense,Flat/Mixed,Wet/H_Rain/Cold,0,0,3.01715976331361,1.96943231441048,3.20048309178744,0,0,1,1,1,1,0,DE,1944,1
99,99,15,276,-1,WORLD WAR I,THE AISNE,Europe,French Army,German Army,Hasty Defense,Rolling/Mixed,Wet/L_Rain/Temperate,0,0,1.0,,1.0,0,0,0,0,1,-1,0,FF,1914,9
100,100,290,604,-1,WORLD WAR II,RAPIDO NORTH I,Europe,US Military,German Army,Fortified Defense,Flat/Bare,Wet/L_Rain/Cold,0,1,3.636363636363636,3.571428571428572,2.5,-1,0,0,1,0,-1,-1,FF,1944,1
101,101,291,605,-1,WORLD WAR II,RAPIDO NORTH II,Europe,US Military,German Army,Fortified Defense,Flat/Bare,Wet/L_Rain/Cold,0,1,3.454545454545455,3.571428571428572,2.5,-1,0,0,0,0,-1,-1,FF,1944,1
102,102,96,357,1,WORLD WAR I,CHAUDUN,Europe,US Military,German Army,Fortified Defense,Rolling/Mixed,Dry/Overcast/Temperate,1,1,2.01375,,0.5833333333333334,0,-1,1,0,0,0,1,FF,1918,7
103,103,80,341,1,WORLD WAR I,NORTH WOOD I (HUNTING LODGE),Europe,US Military,German Army,Prepared Defense,Rugged/Wooded,Dry/Overcast/Temperate,0,0,0.8949795081967213,,0.9,-1,-1,1,0,0,0,1,FF,1918,6
104,104,108,369,1,WORLD WAR I,BLANC MONT RIDGE,Europe,US Military,German Army,Fortified Defense,Rolling/Mixed,Dry/Sunny/Temperate,2,1,3.056768558951965,,4.8,0,-1,1,0,0,0,1,FF,1918,10
105,105,109,370,1,WORLD WAR I,SOMMEPY WOOD,Europe,US Military,German Army,Fortified Defense,Rolling/Wooded,Dry/Sunny/Temperate,2,1,13.77611940298507,,3.428571428571428,0,-1,1,0,0,0,1,FF,1918,10
106,106,75,336,1,WORLD WAR I,HILL 142,Europe,US Military,German Army,Prepared Defense,Rolling/Mixed,Dry/Overcast/Temperate,0,0,1.0,,1.333333333333333,0,-1,1,0,0,0,1,FF,1918,6
107,107,93,354,1,WORLD WAR I,ST. AMAND FARM,Europe,US Military,German Army,Fortified Defense,Rolling/Mixed,Dry/Overcast/Temperate,2,1,2.875,,0.0,0,0,1,0,0,0,1,FF,1918,7
108,108,87,348,1,WORLD WAR I,LA ROCHE WOOD WEST,Europe,US Military,German Army,Fortified Defense,Rolling/Mixed,Dry/Sunny/Temperate,0,1,0.870774579872513,1.0,1.277777777777778,0,-1,1,0,0,0,1,FF,1918,7
109,109,77,338,0,WORLD WAR I,BOURESCHES I,Europe,US Military,German Army,Prepared Defense,Rugged/Wooded,Dry/Sunny/Temperate,0,0,2.021449704142012,,1.285714285714286,-1,-1,1,0,0,0,0,FF,1918,6
110,110,99,360,1,WORLD WAR I,BUZANCY RIDGE,Europe,US Military,German Army,Fortified Defense,Rolling/Mixed,Wet/L_Rain/Temperate,0,1,9.566787003610107,1.0,6.0,0,0,2,0,1,0,1,FF,1918,7
111,111,85,346,1,WORLD WAR I,VAUX,Europe,US Military,German Army,Fortified Defense,Rolling/Mixed,Dry/Sunny/Temperate,0,1,-12812.0,1.0,0.9583333333333334,0,-1,1,0,0,0,1,FF,1918,7
112,112,110,371,0,WORLD WAR I,BLANC MONT II,Europe,US Military,German Army,Fortified Defense,Rolling/Mixed,Dry/Sunny/Temperate,0,1,1.8,,0.8135593220338984,0,-1,1,0,0,0,1,FF,1918,10
113,113,92,353,1,WORLD WAR I,BREUIL,Europe,US Military,German Army,Fortified Defense,Rolling/Mixed,Dry/Overcast/Temperate,2,1,1.892226811866316,,0.6041666666666666,0,0,1,0,0,0,1,FF,1918,7
114,114,220,481,0,WORLD WAR II,SINGLING-BINING,Europe,US Military,German Army,Fortified Defense,Rolling/Mixed,Wet/L_Rain/Cold,0,1,3.018239492466297,11.72222222222222,1.050505050505051,0,0,0,0,1,0,0,FF,1944,12
115,115,218,479,1,WORLD WAR II,SARRE-UNION,Europe,US Military,German Army,Prepared Defense,Rolling/Mixed,Dry/Overcast/Temperate,0,1,3.271508934480476,10.30434782608696,1.0,0,0,0,0,1,0,1,FF,1944,12
116,116,138,399,1,WORLD WAR II,BATTIPAGLIA II,Europe,British Army,German Army,Delay,Rolling/Mixed,Dry/Sunny/Temperate,0,1,2.105789849892781,1.672413793103448,1.9,0,-1,0,0,1,0,1,FF,1943,9
117,117,139,400,1,WORLD WAR II,EBOLI,Europe,US Military,German Army,Delay,Rolling/Mixed,Dry/Sunny/Temperate,0,1,2.32408236347359,1.796610169491526,1.325,0,-1,0,0,1,0,1,FF,1943,9
118,118,242,503,1,WORLD WAR II,BEREZINA RIVER,USSR,Soviet Union,German Army,Hasty Defense,Flat/Wooded,Dry/Sunny/Temperate,0,1,1.894117647058823,13.06666666666667,2.621951219512195,0,0,1,0,1,0,1,FF,1944,6
119,119,184,445,1,WORLD WAR II,SEZZE,Europe,US Military,German Army,Withdrawal,Rolling/Mixed,Dry/Sunny/Temperate,0,1,2.576541612764122,2.115384615384615,1.568181818181818,0,0,0,0,0,0,1,FF,1944,5
120,120,100,361,1,WORLD WAR I,"PICARDY 1918, I",Europe,British Army,German Army,Fortified Defense,Rolling/Mixed,Wet/L_Rain/Temperate,2,1,1.0,-462.0,1.333333333333333,0,0,2,0,1,1,1,FF,1918,8
121,121,58,319,1,WORLD WAR I,CAMBRAI I,Europe,British Army,German Army,Fortified Defense,Rolling/Mixed,Dry/Sunny/Temperate,2,0,1.2,,1.111111111111111,0,0,0,0,0,0,1,FF,1917,11
122,122,42,303,-1,WORLD WAR I,FIRST SOMME,Europe,British Army,German Army,Fortified Defense,Rolling/Mixed,Wet/H_Rain/Temperate,0,1,2.0,,3.8425,0,0,0,0,0,0,0,FF,1916,7
123,123,43,304,-1,WORLD WAR I,SOMME-FOURTH ARMY ATTACK,Europe,British Army,German Army,Fortified Defense,Rolling/Mixed,Dry/Sunny/Temperate,0,1,3.052631578947369,,-1537.0,0,0,0,0,1,0,1,FF,1916,7
124,124,10,271,1,WORLD WAR I,PETIT MORIN,Europe,French Army,German Army,Hasty Defense,Rolling/Mixed,Dry/Sunny/Temperate,0,0,1.0,,1.0,1,0,0,0,0,0,1,FF,1914,9
125,125,113,374,0,WORLD WAR I,MAYACHE RAVINE,Europe,US Military,German Army,Fortified Defense,Rolling/Mixed,Dry/Overcast/Temperate,0,1,2.85781990521327,,2.0,0,-1,2,0,0,0,1,FF,1918,10
126,126,107,368,1,WORLD WAR I,ESSEN HOOK,Europe,US Military,German Army,Fortified Defense,Rolling/Mixed,Dry/Sunny/Temperate,2,1,6.574074074074074,,2.125,0,-1,1,0,0,0,1,EE,1918,10
127,127,235,496,1,WORLD WAR II,PROKHOROVKA,USSR,Soviet Union,German Army,Hasty Defense,Rolling/Mixed,Dry/Sunny/Temperate,0,1,0.9477521263669502,1.287128712871287,3.293556085918854,0,-1,1,1,0,1,0,FF,1943,7
128,128,101,362,1,WORLD WAR I,"PICARDY 1918, II",Europe,British Army,German Army,Fortified Defense,Rolling/Mixed,Dry/Sunny/Temperate,0,1,1.0,1.0,1.0,0,0,2,0,1,0,1,FF,1918,8
129,129,94,355,1,WORLD WAR I,BEAUREPAIRE FARM,Europe,US Military,German Army,Fortified Defense,Rolling/Mixed,Dry/Overcast/Temperate,2,1,7.929203539823009,,,0,0,1,0,1,0,1,FF,1918,7
130,130,82,343,-1,WORLD WAR I,NORTH WOOD II,Europe,US Military,German Army,Fortified Defense,Rugged/Wooded,Dry/Overcast/Temperate,0,-1,1.188375350140056,,0.6,0,-1,1,0,0,0,0,FF,1918,6
131,131,253,514,1,WORLD WAR II,SEELOW HEIGHTS,Europe,Soviet Union,German Army,Fortified Defense,Rugged/Mixed,Dry/Sunny/Temperate,0,1,3.514806980433633,15.6,8.961538461538462,2,2,2,2,1,0,2,FF,1945,4
132,132,240,501,1,WORLD WAR II,NIKOPOL BRIDGEHEAD,USSR,Soviet Union,German Army,Fortified Defense,Flat/Mixed,Wet/L_Rain/Cold,0,1,3.049817739975698,,4.568181818181818,0,0,2,2,1,2,1,FF,1944,1
133,133,245,506,1,WORLD WAR II,BRODY (PHASE II),USSR,Soviet Union,German Army,Prepared Defense,Flat/Wooded,Dry/Sunny/Temperate,0,1,2.984496124031008,0.5339805825242718,6.970873786407767,0,0,1,0,1,0,1,FF,1944,7
134,134,196,457,1,WORLD WAR II,ST. LO,Europe,US Military,German Army,Fortified Defense,Rolling/Mixed,Dry/Overcast/Temperate,0,1,2.4304,4.652173913043478,1.428571428571429,0,0,0,1,0,0,1,FF,1944,7
135,135,185,446,-1,WORLD WAR II,VELLETRI,Europe,US Military,German Army,Fortified Defense,Rolling/Mixed,Dry/Sunny/Temperate,-1,1,1.677861604607771,7.107692307692307,1.4375,-1,0,0,0,1,-1,1,FF,1944,5
136,136,183,444,1,WORLD WAR II,CISTERNA,Europe,US Military,German Army,Fortified Defense,Flat/Mixed,Wet/L_Rain/Temperate,2,1,1.674295774647887,2.163265306122449,2.364705882352941,0,0,0,0,0,0,1,FF,1944,5
137,137,27,288,-1,WORLD WAR I,EASTERN CHAMPAGNE,Europe,French Army,German Army,Fortified Defense,Flat/Mixed,Dry/Sunny/Temperate,0,0,1.914832199014316,,1.870212765957447,0,0,0,0,0,0,0,FF,1915,2
138,138,111,372,1,WORLD WAR I,MEUSE-ARGONNE II,Europe,French Army,German Army,Fortified Defense,Rolling/Mixed,Dry/Overcast/Temperate,0,1,1.666666666666667,1.0,1.0,0,-1,2,0,0,0,1,FF,1918,10
139,139,119,380,1,WORLD WAR I,MEUSE-ARGONNE III,Europe,French Army,German Army,Prepared Defense,Rolling/Mixed,Dry/Overcast/Temperate,0,1,1.578365865207555,1.0,1.0,0,-1,2,0,0,0,1,FF,1918,11
140,140,104,365,1,WORLD WAR I,MEUSE-ARGONNE I,Europe,US Military,German Army,Fortified Defense,Rugged/Wooded,Dry/Overcast/Temperate,1,1,1.578947368421053,-189.0,-2700.0,0,-1,1,0,0,0,1,FF,1918,9
141,141,95,356,1,WORLD WAR I,CRAVANCON FERME-CHAUDUN,Europe,US Military,German Army,Fortified Defense,Rolling/Mixed,Dry/Overcast/Temperate,2,1,4.274793388429752,,1.933333333333333,0,0,1,0,0,0,1,FF,1918,7
142,142,45,306,0,WORLD WAR I,SOMME-BAZENTIN RIDGE,Europe,British Army,German Army,Fortified Defense,Rolling/Mixed,Dry/Sunny/Temperate,2,1,3.0,,1.0,0,0,0,0,1,0,1,FF,1916,7
143,143,112,373,0,WORLD WAR I,EXERMONT-MONTREFAGNE,Europe,US Military,German Army,Fortified Defense,Rolling/Mixed,Dry/Overcast/Temperate,0,1,1.644375963020031,,1.028571428571428,0,-1,2,0,0,0,1,FF,1918,10
144,144,115,376,1,WORLD WAR I,FERME DES GRANGES-FLEVILLE,Europe,US Military,German Army,Fortified Defense,Rolling/Mixed,Dry/Overcast/Temperate,0,1,-5461.0,,1.090909090909091,0,-1,2,0,0,0,1,FF,1918,10
145,145,163,424,1,WORLD WAR II,CAMPOLEONE,Europe,British Army,German Army,Prepared Defense,Flat/Mixed,Dry/Sunny/Cold,0,1,1.176712147304279,0.7717391304347826,1.967479674796748,0,-1,0,0,0,0,1,FF,1944,1
146,146,155,416,-1,WORLD WAR II,POZZILLI,Europe,US Military,German Army,Fortified Defense,Rugged/Mixed,Wet/L_Rain/Temperate,0,1,2.650624428876028,1.962962962962963,2.2,0,-1,0,-1,0,0,0,FF,1943,11
147,147,147,408,-1,WORLD WAR II,DRAGONI,Europe,US Military,German Army,Delay,Rolling/Mixed,Wet/L_Rain/Temperate,0,1,3.306288819875776,1.927272727272727,1.980392156862745,0,0,0,0,0,0,1,FF,1943,10
148,148,182,443,1,WORLD WAR II,ANZIO BREAKOUT,Europe,US Military,German Army,Fortified Defense,Flat/Mixed,Wet/L_Rain/Temperate,2,1,1.745922746781116,4.764044943820225,1.420560747663551,0,0,0,0,0,0,1,FF,1944,5
149,149,152,413,1,WORLD WAR II,SANTA MARIA OLIVETO,Europe,US Military,German Army,Prepared Defense,Rolling/Mixed,Dry/Sunny/Temperate,0,1,2.668881506090808,3.533333333333333,2.24390243902439,0,-1,0,0,0,0,0,FF,1943,11
150,150,145,406,1,WORLD WAR II,MONTE ACERO,Europe,US Military,German Army,Delay,Rugged/Mixed,Dry/Sunny/Temperate,0,1,3.304584304584305,2.409090909090909,2.069767441860465,0,0,0,0,0,0,1,FF,1943,10
151,151,142,403,1,WORLD WAR II,CAIAZZO,Europe,US Military,German Army,Delay,Rolling/Mixed,Dry/Sunny/Temperate,0,1,2.82983682983683,2.523809523809524,2.03921568627451,0,0,0,0,0,0,1,RC,1943,10
152,152,190,451,-1,WORLD WAR II,LANUVIO,Europe,US Military,German Army,Fortified Defense,Rolling/Mixed,Dry/Sunny/Temperate,0,1,2.832351015062213,0.0,1.540983606557377,0,-1,0,0,0,0,1,FF,1944,5
153,153,154,415,-1,WORLD WAR II,MONTE LUNGO,Europe,US Military,German Army,Fortified Defense,Rugged/Mixed,Dry/Sunny/Temperate,0,1,2.528175449284191,1.962962962962963,2.2,0,-1,0,0,0,0,0,FF,1943,11
154,154,157,418,0,WORLD WAR II,MONTE ROTONDO,Europe,US Military,German Army,Fortified Defense,Rugged/Mixed,Wet/L_Rain/Temperate,0,1,2.058675396625535,2.523809523809524,2.0,0,-1,0,-1,0,0,0,FF,1943,11
155,155,161,422,1,WORLD WAR II,APRILIA I,Europe,British Army,German Army,Hasty Defense,Flat/Mixed,Wet/H_Rain/Temperate,1,1,2.866666666666667,1.543478260869565,3.666666666666667,0,-1,0,0,0,0,1,FF,1944,1
156,156,189,450,-1,WORLD WAR II,FOSSO DI CAMPOLEONE,Europe,US Military,German Army,Fortified Defense,Rolling/Mixed,Dry/Sunny/Temperate,0,1,1.880324030124676,2.81,1.247863247863248,0,0,0,0,0,0,1,FF,1944,5
157,157,187,448,-1,WORLD WAR II,VILLA CROCETTA,Europe,US Military,German Army,Fortified Defense,Rolling/Mixed,Dry/Sunny/Temperate,0,1,1.312431644185199,1.436619718309859,0.7948717948717948,0,0,0,0,0,0,1,FF,1944,5
158,158,292,606,-1,WORLD WAR II,RAPIDO SOUTH I,Europe,US Military,German Army,Fortified Defense,Flat/Bare,Wet/L_Rain/Cold,0,1,4.277777777777778,1.071428571428571,2.904761904761905,-1,0,0,0,0,-1,-1,FF,1944,1
159,159,293,607,-1,WORLD WAR II,RAPIDO SOUTH II,Europe,US Military,German Army,Fortified Defense,Flat/Bare,Wet/L_Rain/Cold,0,1,4.187777777777778,1.071428571428571,2.904761904761905,-1,0,0,0,0,-1,-1,FF,1944,1
160,160,103,364,1,WORLD WAR I,LAHAYVILLE-BOIS DE LAMARCHE,Europe,US Military,German Army,Fortified Defense,Rolling/Mixed,Wet/H_Rain/Temperate,1,1,6.319617224880383,,7.6,0,-1,1,0,0,0,1,FF,1918,9
161,161,201,462,1,WORLD WAR II,MELUN,Europe,US Military,German Army,Prepared Defense,Rolling/Mixed,Wet/L_Rain/Temperate,0,1,2.872,19.875,4.5625,0,0,1,1,1,0,1,RC,1944,8
162,162,2,263,-1,WORLD WAR I,THE ARDENNES,Europe,French Army,German Army,Hasty Defense,Rolling/Wooded,Wet/Overcast/Temperate,0,0,1.0,,1.0,0,0,0,0,0,0,0,FF,1914,8
163,163,57,318,-1,WORLD WAR I,YPRES III,Europe,British Army,German Army,Fortified Defense,Rolling/Mixed,Dry/Sunny/Temperate,0,1,1.9,,2.090384615384616,0,0,0,0,0,0,1,FF,1917,7
164,164,56,317,1,WORLD WAR I,MESSINES,Europe,British Army,German Army,Fortified Defense,Rugged/Mixed,Dry/Sunny/Temperate,1,1,1.8,,2.266,0,0,0,0,0,1,1,FF,1917,6
165,165,194,455,1,WORLD WAR II,TARTO-TIBER,Europe,British Army,German Army,Fortified Defense,Flat/Mixed,Dry/Sunny/Temperate,0,1,3.501704283740212,,1.6,0,-1,0,0,0,0,1,FF,1944,6
166,166,180,441,0,WORLD WAR II,MOLETTA OFFENSIVE,Europe,British Army,German Army,Fortified Defense,Flat/Mixed,Wet/L_Rain/Temperate,0,1,1.379982496618665,,1.08695652173913,0,0,0,0,0,0,0,RC,1944,5
167,167,188,449,1,WORLD WAR II,ARDEA,Europe,British Army,German Army,Fortified Defense,Rolling/Mixed,Dry/Sunny/Temperate,0,1,2.021702404158544,,1.625,0,0,0,0,0,0,1,RC,1944,5
168,168,236,497,1,WORLD WAR II,KURSK COUNTEROFFENSIVE (SOUTHERN SECTOR),USSR,Soviet Union,German Army,Prepared Defense,Rolling/Mixed,Dry/Sunny/Temperate,0,1,3.502142857142857,3.821666666666667,3.8875,1,0,2,2,1,2,2,FF,1943,8
169,169,74,335,0,WORLD WAR I,BELLEAU WOOD,Europe,US Military,German Army,Hasty Defense,Rugged/Wooded,Dry/Sunny/Temperate,0,0,1.466283405842138,,1.5,-1,-1,1,0,0,0,0,FF,1918,6
170,170,8,269,0,WORLD WAR I,OURCQ I,Europe,French Army,German Army,Hasty Defense,Rolling/Mixed,Dry/Sunny/Temperate,-1,0,2.222222222222222,,-0.01388888888888889,-1,0,0,0,0,0,-1,FF,1914,9
171,171,181,442,0,WORLD WAR II,ANZIO-ALBANO ROAD,Europe,British Army,German Army,Fortified Defense,Flat/Mixed,Wet/L_Rain/Temperate,0,1,1.526315789473684,1.894736842105263,1.041666666666667,0,0,0,0,0,0,1,FF,1944,5
172,172,186,447,0,WORLD WAR II,CAMPOLEONE,Europe,US Military,German Army,Fortified Defense,Rolling/Mixed,Dry/Sunny/Temperate,0,1,1.798074199943359,5.368421052631579,0.9150943396226415,0,0,0,0,0,0,1,FF,1944,5
173,173,192,453,0,WORLD WAR II,VIA ANZIATE,Europe,US Military,German Army,Fortified Defense,Rolling/Bare,Dry/Sunny/Temperate,0,1,1.225863412100753,4.457142857142857,0.599009900990099,0,-1,0,0,0,0,1,FF,1944,6
174,174,0,261,-1,WORLD WAR I,ALSACE-LORRAINE I,Europe,French Army,German Army,Delay,Rolling/Mixed,Dry/Sunny/Temperate,0,0,1.0,,1.0,0,0,0,0,0,0,0,FF,1914,8
175,175,54,315,0,WORLD WAR I,ARRAS,Europe,British Army,German Army,Fortified Defense,Rolling/Mixed,Dry/Sunny/Temperate,1,1,2.3,,2.77810650887574,0,0,0,0,0,0,1,FF,1917,4
176,176,28,289,-1,WORLD WAR I,NEUVE CHAPELLE,Europe,British Army,German Army,Fortified Defense,Flat/Mixed,Dry/Overcast/Temperate,1,1,-5e-05,,-530.0,0,0,0,0,0,0,0,FF,1915,3
177,177,31,292,-1,WORLD WAR I,LOOS,Europe,British Army,German Army,Fortified Defense,Flat/Mixed,Dry/Sunny/Temperate,0,0,1.0,,1.0,0,0,0,0,0,0,0,FF,1915,9
178,178,30,291,-1,WORLD WAR I,FESTUBERT,Europe,British Army,German Army,Fortified Defense,Flat/Mixed,Wet/L_Rain/Temperate,0,0,1.0,,-433.0,0,0,0,-1,0,0,0,FF,1915,5
179,179,238,499,1,WORLD WAR II,MELITOPOL,USSR,Soviet Union,German Army,Fortified Defense,Rolling/Mixed,Dry/Sunny/Temperate,0,1,2.498685714285714,2.593333333333333,2.653846153846154,0,-1,-1,1,1,1,0,FF,1943,9
180,180,120,381,1,WORLD WAR I,REMILLY-AILLICOURT,Europe,US Military,German Army,Prepared Defense,Rolling/Mixed,Wet/H_Rain/Temperate,0,1,4.087837837837838,,,0,-1,2,0,1,0,1,FF,1918,11
181,181,168,429,-1,WORLD WAR II,FACTORY COUNTERATTACK,Europe,US Military,German Army,Fortified Defense,Flat/Mixed,Wet/L_Rain/Temperate,0,1,1.893457679807828,2.5,1.519607843137255,0,1,0,0,0,0,1,FF,1944,2
182,182,207,468,-1,WORLD WAR II,SCHMIDT,Europe,US Military,German Army,Fortified Defense,Rolling/Mixed,Wet/L_Rain/Temperate,0,1,1.0,1.378787878787879,1.514018691588785,0,0,0,-1,0,0,0,RC,1944,11
183,183,97,358,1,WORLD WAR I,AISNE-MARNE II,Europe,French Army,German Army,Fortified Defense,Rolling/Mixed,Dry/Sunny/Temperate,0,1,1.0,-350.0,1.891891891891892,0,0,2,0,1,0,1,FF,1918,7
184,184,251,512,0,WORLD WAR II,CIECHANOW (PHASE I),Europe,Soviet Union,German Army,Fortified Defense,Rugged/Wooded,Wet/L_Rain/Cold,0,0,3.483870967741935,6.083333333333333,5.384615384615385,0,0,1,0,1,0,0,FF,1945,1
185,185,252,513,1,WORLD WAR II,CIECHANOW (PHASE II),Europe,Soviet Union,German Army,Fortified Defense,Rugged/Wooded,Wet/L_Rain/Cold,0,0,3.106410256410256,5.9375,4.928571428571429,0,0,1,0,1,0,1,FF,1945,1
186,186,206,467,1,WORLD WAR II,WESTWALL,Europe,US Military,German Army,Fortified Defense,Rolling/Mixed,Wet/L_Rain/Temperate,0,1,2.337237181851715,4.952380952380953,2.017241379310345,0,0,0,0,0,0,1,RC,1944,10
187,187,73,334,1,WORLD WAR I,CANTIGNY,Europe,US Military,German Army,Fortified Defense,Rolling/Mixed,Dry/Overcast/Temperate,2,-1,11.97103448275862,,-346.0,0,-1,1,0,0,0,0,FF,1918,5
188,188,198,459,1,WORLD WAR II,OPERATION COBRA,Europe,US Military,German Army,Fortified Defense,Rolling/Mixed,Dry/Sunny/Temperate,0,1,4.104234527687296,10.48387096774194,2.490566037735849,0,0,0,1,0,0,1,FF,1944,7
189,189,208,469,1,WORLD WAR II,SEILLE-NIED,Europe,US Military,German Army,Fortified Defense,Rolling/Mixed,Wet/H_Rain/Cold,1,1,4.221765304392064,10.76056338028169,5.484848484848484,0,0,2,1,1,0,1,RC,1944,11
190,190,197,458,-1,WORLD WAR II,OPERATION GOODWOOD,Europe,British Army,German Army,Fortified Defense,Rolling/Mixed,Dry/Sunny/Temperate,1,1,1.32544347826087,2.59280303030303,2.465753424657534,0,0,0,1,0,-1,0,FF,1944,7
191,191,244,505,1,WORLD WAR II,BRODY (PHASE I),USSR,Soviet Union,German Army,Prepared Defense,Flat/Wooded,Dry/Sunny/Temperate,0,1,11.81818181818182,,16.59090909090909,0,0,1,0,1,0,1,FF,1944,7
192,192,173,434,1,WORLD WAR II,SAN MARTINO,Europe,US Military,German Army,Fortified Defense,Rugged/Bare,Dry/Sunny/Temperate,1,1,2.207345534946567,5.095238095238095,2.105263157894737,0,0,0,0,0,0,1,FF,1944,5
193,193,179,440,1,WORLD WAR II,TERRACINA,Europe,US Military,German Army,Hasty Defense,Rugged/Mixed,Dry/Sunny/Temperate,0,1,2.710055614008718,5.038461538461538,3.7,0,0,0,0,1,0,1,FF,1944,5
194,194,174,435,1,WORLD WAR II,CASTELLONORATO,Europe,US Military,German Army,Fortified Defense,Rugged/Bare,Dry/Sunny/Temperate,0,1,2.1944,5.904761904761905,2.10958904109589,0,0,0,0,1,0,1,FF,1944,5
195,195,177,438,1,WORLD WAR II,MONTE GRANDE (ROME),Europe,US Military,German Army,Hasty Defense,Rolling/Mixed,Dry/Sunny/Temperate,0,1,2.8698224852071,5.652173913043478,3.3,0,0,0,0,1,0,1,FF,1944,5
196,196,172,433,1,WORLD WAR II,SANTA MARIA INFANTE,Europe,US Military,German Army,Fortified Defense,Rugged/Bare,Dry/Sunny/Temperate,1,1,2.021837837837838,7.323529411764706,1.300813008130081,0,0,0,0,0,0,1,FF,1944,5
197,197,175,436,1,WORLD WAR II,SPIGNO,Europe,US Military,German Army,Delay,Rugged/Bare,Dry/Sunny/Temperate,0,1,2.751841274612957,6.225,1.296875,0,0,0,0,1,0,1,FF,1944,5
198,198,178,439,1,WORLD WAR II,ITRI-FONDI,Europe,US Military,German Army,Delay,Rugged/Mixed,Dry/Sunny/Temperate,0,1,2.692319254471667,4.0,3.15,0,0,0,0,1,0,1,FF,1944,5
199,199,176,437,1,WORLD WAR II,FORMIA,Europe,US Military,German Army,Delay,Rugged/Bare,Dry/Sunny/Temperate,0,1,3.040513963550544,7.5,2.741379310344827,0,0,0,0,1,0,1,FF,1944,5
200,200,90,351,1,WORLD WAR I,AISNE-MARNE I,Europe,French Army,German Army,Fortified Defense,Rolling/Mixed,Dry/Overcast/Temperate,1,1,-750000.0,,1.75,0,0,1,0,0,0,1,FF,1918,7
201,201,229,490,1,WORLD WAR II,POGORELOYE GORODISHCHE,USSR,Soviet Union,German Army,Prepared Defense,Flat/Wooded,Dry/Sunny/Temperate,1,-1,4.501869547154134,2.089147286821706,2.39344262295082,-1,-1,0,0,0,0,0,FF,1942,8
202,202,249,510,1,WORLD WAR II,VISTULA-ODER,USSR,Soviet Union,German Army,Prepared Defense,Flat/Mixed,Dry/Sunny/Cold,0,1,3.928571428571428,3.525,5.898360655737705,2,2,2,2,1,2,2,FF,1945,1
203,203,250,511,1,WORLD WAR II,EAST PRUSSIA,Europe,Soviet Union,German Army,Fortified Defense,Rolling/Mixed,Wet/L_Rain/Cold,0,1,1.564102564102564,2.907142857142857,2.707317073170732,0,2,2,2,1,0,2,FF,1945,1
204,204,228,489,1,WORLD WAR II,MOSCOW COUNTEROFFENSIVE,USSR,Soviet Union,German Army,Hasty Defense,Rolling/Mixed,Dry/Sunny/Cold,2,0,1.204886363636364,0.7847058823529411,1.678048780487805,0,-1,2,2,0,2,1,FF,1941,12
205,205,243,504,1,WORLD WAR II,LVOV-SANDOMIERZ,USSR,Soviet Union,German Army,Prepared Defense,Flat/Mixed,Dry/Sunny/Temperate,1,1,-1200000.0,2.198888888888889,2.346875,-1,0,2,2,1,2,2,FF,1944,7
206,206,102,363,1,WORLD WAR I,ST. MIHIEL,Europe,US Military,German Army,Fortified Defense,Rolling/Mixed,Wet/Overcast/Temperate,0,1,1.0,,3.01,0,-1,1,0,0,0,1,EE,1918,9
207,207,316,659,0,WORLD WAR II,BOOS,Europe,French Army,German Army,Prepared Defense,Rolling/Mixed,Wet/L_Rain/Temperate,0,9,1.0,1.4,0.0,-9,-9,-9,-9,-9,-9,-9,FF,1940,6
208,208,312,643,1,WORLD WAR II,TARTO-TIBER,Europe,British Army,German Army,Fortified Defense,Flat/Mixed,Dry/Overcast/Temperate,0,9,1.0,,1.6,-9,-9,-9,-9,-9,-9,-9,FF,1944,5
209,209,311,636,-1,WORLD WAR II,TARGUL FRUMOS,USSR,USSR,German Army,Delay,Flat/Bare,Wet/L_Rain/Temperate,0,9,1.0,2.5625,1.0,-9,-9,-9,-9,-9,-9,-9,FF,1944,5
210,210,288,602,-1,WORLD WAR II,SIDI BOU ZID II,North Africa,US Military,German Army,Hasty Defense,Flat/Bare,Dry/Sunny/Cold,0,-1,0.3267303102625299,0.4888888888888889,0.7428571428571429,-1,-1,0,0,-1,-1,-1,FF,1943,2
211,211,143,404,-1,WORLD WAR II,CAPUA,Europe,British Army,German Army,Prepared Defense,Flat/Mixed,Dry/Sunny/Temperate,0,1,2.107125,3.318181818181818,2.711864406779661,0,0,0,0,0,0,1,RC,1943,10
212,212,146,407,1,WORLD WAR II,TRIFLISCO,Europe,US Military,German Army,Prepared Defense,Rolling/Mixed,Dry/Sunny/Temperate,1,1,2.548413793103448,4.818181818181818,1.915254237288136,0,0,0,0,0,0,1,RC,1943,10
213,213,149,410,1,WORLD WAR II,MONTE GRANDE (VOLTURNO),Europe,British Army,German Army,Prepared Defense,Rolling/Mixed,Wet/L_Rain/Temperate,0,1,2.265506285398536,3.318181818181818,2.285714285714286,0,-1,0,-1,0,0,0,FF,1943,10
214,214,191,452,1,WORLD WAR II,LARIANO,Europe,US Military,German Army,Prepared Defense,Rolling/Mixed,Dry/Sunny/Temperate,0,1,1.740009222256379,3.533333333333333,1.026785714285714,0,0,0,0,1,0,1,FF,1944,6
215,215,193,454,1,WORLD WAR II,VALMONTONE,Europe,US Military,German Army,Hasty Defense,Rolling/Mixed,Dry/Sunny/Temperate,0,1,2.631490455939076,4.064516129032258,1.327272727272727,0,0,0,0,1,0,1,FF,1944,6
216,216,301,615,-1,WORLD WAR II,SCHMIDT III,Europe,US Military,German Army,Prepared Defense,Rolling/Wooded,Wet/L_Rain/Temperate,0,1,1.337837837837838,0.0,1.394736842105263,0,0,0,0,0,0,0,FF,1944,11
217,217,300,614,-1,WORLD WAR II,SCHMIDT II,Europe,US Military,German Army,Prepared Defense,Rugged/Wooded,Wet/L_Rain/Temperate,0,1,1.260869565217391,,1.394736842105263,0,0,0,0,0,0,0,FF,1944,11
218,218,299,613,-1,WORLD WAR II,SCHMIDT I,Europe,US Military,German Army,Prepared Defense,Rolling/Mixed,Wet/L_Rain/Temperate,0,1,1.233830845771144,0.7333333333333333,1.868421052631579,0,0,0,0,0,0,0,FF,1944,11
219,219,302,616,1,WORLD WAR II,WAHLERSCHEID,Europe,US Military,German Army,Prepared Defense,Rolling/Wooded,Wet/L_Rain/Cold,0,1,5.928571428571429,,10.33333333333333,0,1,0,0,0,-1,1,FF,1944,12
220,220,215,476,1,WORLD WAR II,BAERENDORF II,Europe,US Military,German Army,Prepared Defense,Rolling/Mixed,Dry/Overcast/Cold,0,1,2.267609658522646,5.861111111111111,2.229885057471265,0,0,0,0,0,0,1,FF,1944,11
221,221,214,475,1,WORLD WAR II,BAERENDORF I,Europe,US Military,German Army,Hasty Defense,Rolling/Mixed,Dry/Overcast/Cold,0,1,1.478755124860231,3.533333333333333,0.796875,0,0,0,0,0,0,0,RC,1944,11
222,222,216,477,1,WORLD WAR II,BURBACH-DURSTEL,Europe,US Military,German Army,Prepared Defense,Rolling/Mixed,Wet/L_Rain/Cold,0,1,2.417994935200357,4.906976744186046,1.283950617283951,0,0,0,0,0,0,1,FF,1944,11
223,223,315,658,-1,WORLD WAR II,ARRAS,Europe,British Army,German Army,Hasty Defense,Rolling/Mixed,Dry/Overcast/Temperate,0,9,1.0,0.4036697247706422,-8.0,-9,-9,-9,-9,-9,-9,-9,EE,1940,5
224,224,131,392,1,WORLD WAR II,SEDJANNE-BIZERTE,North Africa,US Military,German Army,Fortified Defense,Rugged/Mixed,Dry/Sunny/Temperate,0,1,4.8196,18.8,2.941176470588236,0,0,1,1,1,0,1,FF,1943,4
225,225,51,312,1,WORLD WAR I,ASIAGO,Europe,Austrian Army,Italian Army,Hasty Defense,Rugged/Mixed,Dry/Sunny/Temperate,0,0,1.805084745762712,,3.210272873194222,0,0,0,0,0,0,1,FF,1916,5
226,226,62,323,1,WORLD WAR I,CAPORETTO (TWELFTH ISONZO),Europe,German Army,Italian Army,Fortified Defense,Rugged/Bare,Dry/Sunny/Temperate,1,0,1.0,,1.111111111111111,1,0,1,0,0,0,1,FF,1917,10
227,227,122,383,-1,WORLD WAR I,THE PIAVE,Europe,Austrian Army,Italian Army,Fortified Defense,Rolling/Mixed,Wet/H_Rain/Temperate,0,-1,1.0,1.0,1.064887121965072,0,0,0,0,0,-1,0,FF,1918,6
228,228,261,522,1,WORLD WAR II,TOMB HILL-OUKI,Pacific,US Military,Japanse Army,Fortified Defense,Rugged/Mixed,Wet/H_Rain/Temperate,0,1,3.828154724159797,,6.90625,0,0,0,0,0,0,0,FF,1945,4
229,229,262,523,1,WORLD WAR II,SKYLINE RIDGE-ROCKY CRAGS,Pacific,US Military,Japanse Army,Fortified Defense,Rugged/Mixed,Dry/Sunny/Temperate,0,1,6.265769230769231,,5.815789473684211,0,0,1,0,0,0,0,FF,1945,4
230,230,277,538,1,WORLD WAR II,ADVANCE TO SHURI LINE OUTPOSTS,Pacific,US Military,Japanse Army,Fortified Defense,Rolling/Mixed,Dry/Overcast/Temperate,0,1,6.340689655172413,,5.4375,0,0,0,0,0,0,0,FF,1945,4
231,231,278,539,-1,WORLD WAR II,KAKAZU AND TOMBSTONE RIDGES,Pacific,US Military,Japanse Army,Fortified Defense,Rolling/Mixed,Wet/H_Rain/Temperate,0,1,7.082333333333334,,7.6875,0,0,0,0,0,0,0,FF,1945,4
232,232,279,540,1,WORLD WAR II,NISHIBARU RIDGE-TANABARU ESCARPMENT,Pacific,US Military,Japanse Army,Fortified Defense,Rolling/Mixed,Dry/Sunny/Temperate,0,1,5.721,,6.705882352941177,0,0,0,0,1,0,1,FF,1945,4
233,233,276,537,1,WORLD WAR II,ADVANCE FROM THE BEACH,Pacific,US Military,Japanse Army,Delay,Rolling/Mixed,Dry/Sunny/Temperate,0,1,9.541,,,0,1,0,0,0,0,1,FF,1945,4
234,234,259,520,1,WORLD WAR II,ADVANCE FROM THE BEACHHEAD,Pacific,US Military,Japanse Army,Delay,Flat/Mixed,Dry/Sunny/Temperate,0,1,16.34857142857143,,,0,1,1,0,0,0,1,FF,1945,4
235,235,263,524,-1,WORLD WAR II,KOCHI RIDGE-ONAGA I,Pacific,US Military,Japanse Army,Fortified Defense,Rugged/Mixed,Wet/L_Rain/Temperate,0,1,2.9188,,5.075,0,0,0,0,0,-1,0,DE,1945,4
236,236,264,525,-1,WORLD WAR II,KOCHI RIDGE-ONAGA II,Pacific,US Military,Japanse Army,Fortified Defense,Rugged/Mixed,Dry/Sunny/Temperate,0,1,3.552444444444444,,5.65,0,0,0,0,0,0,0,EE,1945,4
237,237,265,526,-1,WORLD WAR II,KOCHI RIDGE-ONAGA III,Pacific,US Military,Japanse Army,Fortified Defense,Rugged/Mixed,Dry/Sunny/Temperate,0,1,3.892345679012346,,8.225,0,0,0,0,-1,0,0,DE,1945,4
238,238,267,528,1,WORLD WAR II,KOCHI RIDGE IV,Pacific,US Military,Japanse Army,Fortified Defense,Rugged/Mixed,Dry/Sunny/Temperate,0,1,2.939494163424125,,6.966666666666667,0,0,0,0,0,0,0,FF,1945,5
239,239,270,531,-1,WORLD WAR II,SHURI ENVELOPMENT (PHASE II),Pacific,US Military,Japanse Army,Fortified Defense,Rugged/Mixed,Wet/H_Rain/Temperate,0,1,5.28,,7.125,0,0,1,0,0,0,0,FF,1945,5
240,240,271,532,1,WORLD WAR II,SHURI ENVELOPMENT (PHASE III),Pacific,US Military,Japanse Army,Fortified Defense,Rugged/Mixed,Wet/H_Rain/Temperate,0,1,5.848076923076923,,50.0,0,0,1,0,0,0,0,FF,1945,5
241,241,284,545,1,WORLD WAR II,ADVANCE TO YUZA-DAKE/YAEJU-DAKE ESCARPMENT,Pacific,US Military,Japanse Army,Prepared Defense,Rolling/Mixed,Dry/Sunny/Temperate,0,1,4.69425,,8.428571428571429,0,1,1,-1,0,0,1,FF,1945,6
242,242,285,546,0,WORLD WAR II,ATTACK ON YUZA-DAKE/YAEJU-DAKE ESCARPMENT,Pacific,US Military,Japanse Army,Prepared Defense,Rolling/Mixed,Dry/Overcast/Temperate,0,1,4.390588235294118,,15.63636363636364,0,1,1,0,1,0,1,FF,1945,6
243,243,281,542,0,WORLD WAR II,ATTACK ON SHURI LINE'S EASTERN FLANK I,Pacific,US Military,Japanse Army,Fortified Defense,Rolling/Mixed,Dry/Sunny/Temperate,0,1,3.730885692657078,,4.617647058823529,0,0,0,0,0,0,1,FF,1945,5
244,244,282,543,0,WORLD WAR II,ATTACK ON SHURI LINE'S EASTERN FLANK II,Pacific,US Military,Japanse Army,Fortified Defense,Rolling/Mixed,Dry/Sunny/Temperate,0,1,4.408871137271389,,6.176470588235294,0,0,0,0,0,0,1,FF,1945,5
245,245,283,544,1,WORLD WAR II,ATTACK ON SHURI LINE'S EASTERN FLANK III,Pacific,US Military,Japanse Army,Fortified Defense,Rolling/Mixed,Wet/L_Rain/Temperate,0,1,4.650579607286492,,5.382352941176471,0,0,1,0,0,0,1,EE,1945,5
246,246,257,518,1,WORLD WAR II,IWO JIMA - SURIBACHI,Pacific,US Military,Japanse Army,Fortified Defense,Rugged/Bare,Dry/Sunny/Temperate,0,1,2.0,,11.0,0,0,0,1,1,0,1,FF,1945,2
247,247,256,517,1,WORLD WAR II,IWO JIMA - INTO THE MAIN DEFENSES,Pacific,US Military,Japanse Army,Fortified Defense,Rolling/Bare,Dry/Sunny/Temperate,0,1,1.85327868852459,3.6,8.033898305084746,0,0,0,1,1,0,1,FF,1945,2
248,248,268,529,1,WORLD WAR II,SHURI ENVELOPMENT (PHASE I),Pacific,US Military,Japanse Army,Prepared Defense,Rugged/Mixed,Wet/H_Rain/Temperate,3,1,4.806171360095866,,25.0,0,0,1,0,0,0,0,EE,1945,5
249,249,273,534,1,WORLD WAR II,HILL 95-II,Pacific,US Military,Japanse Army,Fortified Defense,Rugged/Mixed,Dry/Sunny/Temperate,0,1,6.4008,,15.0,0,0,1,0,0,0,1,FF,1945,6
250,250,272,533,0,WORLD WAR II,HILL 95-I,Pacific,US Military,Japanse Army,Fortified Defense,Rugged/Mixed,Dry/Sunny/Temperate,0,1,4.597428571428572,,10.75,0,0,1,0,0,0,0,FF,1945,6
251,251,274,535,1,WORLD WAR II,YAEJU-DAKE,Pacific,US Military,Japanse Army,Fortified Defense,Rugged/Mixed,Dry/Sunny/Temperate,0,1,2.0948,,8.833333333333334,0,0,1,0,0,0,1,FF,1945,6
252,252,275,536,1,WORLD WAR II,HILLS 153 AND 115,Pacific,US Military,Japanse Army,Fortified Defense,Rugged/Mixed,Dry/Sunny/Temperate,0,1,7.904,,23.5,0,0,1,0,0,0,1,FF,1945,6
253,253,286,547,1,WORLD WAR II,CAPTURE OF YUZA-DAKE/YAEJU-DAKE ESCARPMENT,Pacific,US Military,Japanse Army,Prepared Defense,Rugged/Mixed,Dry/Sunny/Temperate,0,1,5.860615384615385,,41.2,0,1,1,1,1,0,1,FF,1945,6
254,254,254,515,1,WORLD WAR II,MUTANKIANG,Pacific,Soviet Union,Japanse Army,Fortified Defense,Rolling/Mixed,Wet/L_Rain/Temperate,1,1,1.96,7.333333333333333,3.058219178082192,0,0,1,0,0,1,1,RC,1945,8
255,255,260,521,1,WORLD WAR II,ADVANCE THROUGH THE OUTPOSTS,Pacific,US Military,Japanse Army,Fortified Defense,Rugged/Mixed,Dry/Overcast/Temperate,0,1,6.344137931034483,,5.40625,0,0,0,0,0,0,0,FF,1945,4
256,256,280,541,1,WORLD WAR II,MAEDA ESCARPMENT,Pacific,US Military,Japanse Army,Fortified Defense,Rolling/Mixed,Wet/H_Rain/Temperate,0,1,4.63974358974359,,5.555555555555555,0,0,0,-1,0,0,1,FF,1945,4
257,257,258,519,1,WORLD WAR II,IWO JIMA - FINAL PHASE,Pacific,US Military,Japanse Army,Fortified Defense,Rolling/Bare,Dry/Sunny/Temperate,0,1,11.91806331471136,3.6,6.7,0,0,0,1,1,0,0,FF,1945,3
258,258,255,516,1,WORLD WAR II,TARAWA-BETIO,Pacific,US Military,Japanse Army,Fortified Defense,Rolling/Mixed,Dry/Sunny/Temperate,0,1,1.033912324234905,3.285714285714286,5.245283018867925,0,0,0,1,1,0,1,FF,1943,11
259,259,32,293,1,WORLD WAR I,WINTER BATTLE (MASURIA),Europe,German Army,Russian Army,Prepared Defense,Rolling/Mixed,Wet/H_Rain/Cold,2,0,1.0,,-0.004716981132075472,0,0,1,1,0,1,1,DE,1915,2
260,260,17,278,0,WORLD WAR I,GUMBINNEN,Europe,German Army,Russian Army,Hasty Defense,Flat/Mixed,Dry/Sunny/Temperate,0,0,0.8,,0.6666666666666666,0,1,0,0,0,1,0,FF,1914,8
261,261,19,280,1,WORLD WAR I,MASURIAN LAKES,Europe,German Army,Russian Army,Prepared Defense,Flat/Wooded,Dry/Sunny/Temperate,0,0,1.057142857142857,,-0.00125,1,1,1,0,0,1,1,FF,1914,9
262,262,18,279,1,WORLD WAR I,TANNENBERG,Europe,German Army,Russian Army,Hasty Defense,Flat/Wooded,Dry/Sunny/Temperate,2,0,1.0,,1.363333333333333,2,1,0,1,0,1,1,FF,1914,8
263,263,22,283,-1,WORLD WAR I,GNILA LIPA,Europe,Austrian Army,Russian Army,Hasty Defense,Rolling/Mixed,Dry/Sunny/Temperate,0,0,1.0,,0.6349693251533742,0,0,0,0,0,0,0,FF,1914,8
264,264,33,294,1,WORLD WAR I,GOLICE-TARNOW (OPENING PHASE),Europe,German Army,Russian Army,Prepared Defense,Rolling/Mixed,Dry/Sunny/Temperate,2,0,0.9863013698630136,,-622.0,1,0,2,1,1,0,1,FF,1915,5
265,265,23,284,-1,WORLD WAR I,RAVA RUSSKA,Europe,Austrian Army,Russian Army,Hasty Defense,Rolling/Mixed,Dry/Sunny/Temperate,0,0,1.0,,1.0,0,0,0,0,0,-1,0,FF,1914,9
266,266,20,281,1,WORLD WAR I,KRASNIK,USSR,Austrian Army,Russian Army,Hasty Defense,Rolling/Mixed,Dry/Sunny/Temperate,0,0,1.0,,1.268115942028986,0,0,0,0,0,0,0,FF,1914,8
267,267,21,282,1,WORLD WAR I,KOMAROV,USSR,Austrian Army,Russian Army,Hasty Defense,Rolling/Mixed,Dry/Sunny/Temperate,0,0,1.0,,1.041666666666667,0,0,0,0,0,0,0,FF,1914,8
268,268,24,285,1,WORLD WAR I,LODZ,USSR,German Army,Russian Army,Hasty Defense,Rolling/Mixed,Wet/L_Rain/Cold,0,0,1.0,,1.0,1,1,0,0,0,1,0,FF,1914,11
269,269,25,286,-1,WORLD WAR I,THE JADAR,Europe,Austrian Army,Serbian Army,Hasty Defense,Rugged/Mixed,Dry/Sunny/Temperate,0,0,1.0,,1.0,-1,0,0,-1,0,0,-1,FF,1914,8
270,270,232,493,1,WORLD WAR II,OPERATION CITADEL (SOUTHERN SECTOR),USSR,German Army,Soviet Union,Prepared Defense,Rolling/Mixed,Wet/L_Rain/Temperate,0,1,1.866666666666667,5.6,0.2222222222222222,0,0,0,0,0,-1,1,FF,1943,7
271,271,233,494,1,WORLD WAR II,OBOYAN-KURSK (PHASE II),USSR,German Army,Soviet Union,Prepared Defense,Rolling/Mixed,Dry/Sunny/Temperate,0,0,1.0,0.6222222222222222,0.234375,1,1,0,-1,0,-1,1,FF,1943,7
272,272,234,495,-1,WORLD WAR II,OBOYAN-KURSK (PHASE III),USSR,German Army,Soviet Union,Prepared Defense,Rolling/Mixed,Dry/Overcast/Temperate,0,0,1.0,0.6612903225806451,0.2167785234899329,1,1,-1,-1,0,-1,0,FF,1943,7
273,273,231,492,1,WORLD WAR II,OBOYAN-KURSK (PHASE I),USSR,German Army,Soviet Union,Fortified Defense,Rolling/Mixed,Dry/Sunny/Temperate,0,1,1.377777777777778,5.818181818181818,0.3474576271186441,1,0,0,0,0,-1,1,FF,1943,7
274,274,226,487,1,WORLD WAR II,ROVNO,USSR,German Army,Soviet Union,Prepared Defense,Rolling/Mixed,Dry/Sunny/Temperate,3,1,0.88,0.897887323943662,1.12962962962963,2,2,2,2,1,2,2,FF,1941,6
275,275,227,488,-1,WORLD WAR II,DEFENSE OF MOSCOW,USSR,German Army,Soviet Union,Prepared Defense,Rolling/Mixed,Dry/Sunny/Cold,0,1,0.8017492711370262,1.894736842105263,0.8604372566636718,2,2,0,2,1,2,2,FF,1941,9
276,276,47,308,1,WORLD WAR I,CAUCASUS WINTER OFFENSIVE,Middle East,Russian Army,Turkish Army,Fortified Defense,Rugged/Mixed,Wet/H_Rain/Cold,3,0,1.0,,2.39,1,0,0,1,0,0,1,FF,1916,1
277,277,38,299,0,WORLD WAR I,FIRST DARDANELLES LANDING,Middle East,British Army,Turkish Army,Prepared Defense,Rugged/Bare,Dry/Sunny/Temperate,0,0,1.0,,-345.0,0,0,0,0,0,0,0,FF,1915,4
278,278,39,300,-1,WORLD WAR I,SUVLA BAY,Middle East,British Army,Turkish Army,Hasty Defense,Rugged/Bare,Dry/Sunny/Temperate,1,0,13.88888888888889,,2.8,-1,0,0,0,0,0,-1,FF,1915,8
279,279,66,327,1,WORLD WAR I,GAZA III,Middle East,British Army,Turkish Army,Fortified Defense,Rolling/Mixed,Dry/Sunny/Temperate,2,1,1.0,1.0,1.507692307692308,1,0,0,0,0,0,1,FF,1917,10
280,280,123,384,1,WORLD WAR I,MEGIDDO,Middle East,British Army,Turkish Army,Fortified Defense,Rolling/Bare,Dry/Sunny/Temperate,2,1,2.803835616438356,,2.56,1,1,1,0,0,0,1,FF,1918,9
281,281,64,325,-1,WORLD WAR I,GAZA I,Middle East,British Army,Turkish Army,Prepared Defense,Rolling/Mixed,Dry/Sunny/Temperate,0,1,0.9615384615384616,,1.0,0,0,0,0,1,0,1,FF,1917,3
282,282,67,328,1,WORLD WAR I,JUNCTION STATION,Middle East,British Army,Turkish Army,Prepared Defense,Rolling/Mixed,Dry/Sunny/Temperate,0,1,5.483870967741935,,0.0,1,0,1,0,1,0,1,FF,1917,11
283,283,40,301,1,WORLD WAR I,KUT-EL-AMARA,Middle East,British Army,Turkish Army,Fortified Defense,Flat/Bare,Dry/Sunny/Temperate,1,0,0.9734513274336283,,0.7368421052631579,1,0,0,-1,0,0,1,EE,1915,9
284,284,41,302,-1,WORLD WAR I,CTESIPHON,Middle East,British Army,Turkish Army,Fortified Defense,Flat/Mixed,Dry/Sunny/Temperate,0,1,-13756.0,,0.5769230769230769,0,0,0,-1,0,0,0,EE,1915,11
285,285,65,326,-1,WORLD WAR I,GAZA II,Middle East,British Army,Turkish Army,Fortified Defense,Flat/Mixed,Dry/Sunny/Temperate,0,1,1.25,1.0,1.0,0,0,0,0,0,0,0,FF,1917,4
286,286,63,324,1,WORLD WAR I,TIGRIS CROSSING,Middle East,British Army,Turkish Army,Prepared Defense,Flat/Bare,Dry/Sunny/Temperate,0,1,1.0,,1.912087912087912,0,0,0,0,1,0,0,FF,1917,2
287,287,223,484,-1,WORLD WAR II,BASTOGNE,Europe,German Army,US Military,Hasty Defense,Rolling/Mixed,Wet/L_Rain/Cold,0,-1,1.0,2.361842105263158,17.38888888888889,0,0,0,0,0,0,1,FF,1944,12
288,288,310,624,1,WORLD WAR II,OUR RIVER NORTH,Europe,German Army,US Military,Hasty Defense,Rugged/Wooded,Dry/Sunny/Cold,3,-1,2.787456445993032,19.5,4.203389830508475,0,0,0,0,1,2,1,FF,1944,12
289,289,297,611,-1,WORLD WAR II,MORTAIN I,Europe,German Army,US Military,Hasty Defense,Rolling/Mixed,Dry/Sunny/Temperate,2,-1,2.202702702702703,,0.5294117647058824,0,0,0,0,0,0,1,FF,1944,8
290,290,309,623,1,WORLD WAR II,OUR RIVER CENTER,Europe,German Army,US Military,Hasty Defense,Rugged/Wooded,Dry/Sunny/Cold,3,-1,8.202247191011235,2.904109589041096,10.83333333333333,0,0,0,0,1,2,1,FF,1944,12
291,291,298,612,-1,WORLD WAR II,MORTAIN II,Europe,German Army,US Military,Hasty Defense,Rugged/Mixed,Dry/Sunny/Temperate,2,-1,1.847826086956522,3.75,0.7058823529411765,0,0,0,0,0,0,1,FF,1944,8
292,292,221,482,1,WORLD WAR II,SAUER RIVER,Europe,German Army,US Military,Hasty Defense,Rugged/Mixed,Wet/H_Rain/Cold,2,-1,1.0,0.1,1.133333333333333,0,0,0,0,0,0,1,RC,1944,12
293,293,307,621,1,WORLD WAR II,SCHNEE EIFEL NORTH I,Europe,German Army,US Military,Hasty Defense,Rolling/Mixed,Dry/Sunny/Cold,3,-1,6.975609756097561,1.470588235294118,3.478260869565217,0,0,0,0,1,2,1,FF,1944,12
294,294,295,609,1,WORLD WAR II,BOWLING ALLEY II,Europe,German Army,US Military,Prepared Defense,Flat/Bare,Dry/Sunny/Temperate,2,-1,3.116039603960396,2.4,1.428571428571429,0,0,0,0,1,0,1,FF,1944,2
295,295,296,610,-1,WORLD WAR II,BOWLING ALLEY III,Europe,German Army,US Military,Prepared Defense,Flat/Bare,Dry/Sunny/Temperate,2,-1,2.162162162162162,2.857142857142857,1.428571428571429,0,0,0,0,1,0,1,FF,1944,2
296,296,129,390,-1,WORLD WAR II,CHOUIGUI PASS,North Africa,German Army,US Military,Hasty Defense,Rolling/Desert,Dry/Sunny/Temperate,-2,0,2.473404255319149,0.52,0.0,0,1,0,0,0,-1,-1,FF,1942,11
297,297,130,391,-1,WORLD WAR II,EL GUETTAR,North Africa,German Army,US Military,Hasty Defense,Rolling/Desert,Dry/Sunny/Temperate,2,0,0.4677778282392479,1.373333333333333,0.5,0,1,0,0,0,-1,1,FF,1943,3
298,298,289,603,1,WORLD WAR II,KASSERINE PASS,North Africa,German Army,US Military,Hasty Defense,Rugged/Bare,Wet/H_Rain/Cold,0,1,1.320007542900245,4.153846153846154,1.533333333333333,1,1,1,0,1,1,1,FF,1943,2
299,299,294,608,-1,WORLD WAR II,BOWLING ALLEY I,Europe,German Army,US Military,Prepared Defense,Flat/Bare,Dry/Sunny/Temperate,2,-1,3.244444444444444,1.081081081081081,1.428571428571429,0,0,0,0,1,0,1,FF,1944,2
300,300,81,342,-1,WORLD WAR I,BOURESCHES II,Europe,German Army,US Military,Prepared Defense,Rolling/Mixed,Unknown,1,1,1.403575503993914,,2.0,0,1,-1,0,0,0,1,FF,1918,6
301,301,199,460,-1,WORLD WAR II,MORTAIN,Europe,German Army,US Military,Hasty Defense,Rolling/Mixed,Dry/Sunny/Temperate,2,-1,1.86245434623813,0.3529411764705883,1.135416666666667,0,0,0,-1,0,0,1,FF,1944,8
302,302,304,618,-1,WORLD WAR II,KRINKELT-ROCHERATH II,Europe,German Army,US Military,Hasty Defense,Rolling/Bare,Wet/L_Rain/Cold,0,-1,1.378787878787879,3.666666666666667,1.903846153846154,0,0,0,0,1,0,1,FF,1944,12
303,303,303,617,1,WORLD WAR II,KRINKELT-ROCHERATH I,Europe,German Army,US Military,Hasty Defense,Rugged/Wooded,Wet/L_Rain/Cold,0,-1,2.431834929992631,2.2,3.0,0,-1,0,0,1,0,1,FF,1944,12
304,304,308,622,1,WORLD WAR II,SCHNEE EIFEL NORTH II,Europe,German Army,US Military,Prepared Defense,Rugged/Wooded,Dry/Sunny/Cold,3,-1,3.084337349397591,,3.157894736842105,0,1,0,0,1,2,1,EE,1944,12
305,305,305,619,1,WORLD WAR II,SCHNEE EIFEL CENTER,Europe,German Army,US Military,Prepared Defense,Rugged/Wooded,Dry/Sunny/Cold,3,-1,1.051282051282051,,3.777777777777778,0,1,0,0,1,2,1,FF,1944,12
306,306,306,620,1,WORLD WAR II,SCHNEE EIFEL SOUTH,Europe,German Army,US Military,Prepared Defense,Rugged/Wooded,Dry/Sunny/Cold,3,-1,2.558139534883721,,1.11864406779661,0,1,0,0,1,2,1,FF,1944,12
307,307,171,432,-1,WORLD WAR II,FIOCCIA,Europe,German Army,US Military,Fortified Defense,Rolling/Mixed,Wet/L_Rain/Temperate,0,-1,0.7972773160658747,0.4245283018867925,0.8770053475935828,0,0,0,0,0,0,0,FF,1944,2
308,308,137,398,-1,WORLD WAR II,TOBACCO FACTORY,Europe,German Army,US Military,Hasty Defense,Rolling/Mixed,Dry/Sunny/Temperate,0,-1,1.160901426207549,0.9245283018867925,0.9464285714285714,0,0,1,0,0,0,0,FF,1943,9
309,309,166,427,0,WORLD WAR II,MOLETTA RIVER DEFENSE,Europe,German Army,US Military,Prepared Defense,Flat/Mixed,Dry/Sunny/Cold,0,-1,1.4836,,0.7631578947368421,0,0,0,0,0,0,1,RC,1944,2
310,310,169,430,-1,WORLD WAR II,BOWLING ALLEY,Europe,German Army,US Military,Fortified Defense,Flat/Mixed,Dry/Sunny/Temperate,2,-1,2.047911787665886,1.89622641509434,1.722826086956522,0,0,0,0,1,0,1,FF,1944,2
311,311,266,527,-1,WORLD WAR II,JAPANESE COUNTERATTACK,Pacific,Japanese Army,US Military,Hasty Defense,Rugged/Mixed,Dry/Sunny/Temperate,0,-1,0.4462540716612378,0.0,0.303030303030303,0,0,0,0,0,0,1,FF,1945,5
312,312,269,530,-1,WORLD WAR II,JAPANESE COUNTERATTACKS,Pacific,Japanese Army,US Military,Hasty Defense,Rolling/Mixed,Wet/L_Rain/Temperate,2,-1,0.253533624897002,,0.05095541401273886,0,0,0,0,0,0,0,FF,1945,5
313,313,287,601,1,WORLD WAR II,SIDI BOU ZID I,North Africa,German Army,US Military,Hasty Defense,Flat/Bare,Dry/Sunny/Cold,2,1,1.200075004687793,1.956521739130435,0.7446808510638298,1,1,0,0,1,-1,1,DE,1943,2
314,314,205,466,-1,WORLD WAR II,ARRACOURT,Europe,German Army,US Military,Hasty Defense,Rolling/Mixed,Wet/L_Rain/Temperate,0,-1,-0.0002083333333333333,1.032786885245902,0.25,-1,0,0,0,0,0,-1,FF,1944,9
315,315,222,483,0,WORLD WAR II,ST. VITH,Europe,German Army,US Military,Hasty Defense,Rolling/Mixed,Wet/L_Rain/Cold,0,-1,1.0,1.651315789473684,0.8703703703703703,0,0,0,0,0,0,1,FF,1944,12
316,316,71,332,1,WORLD WAR I,YVONNE & ODETTE POSITIONS (SECTOR TOULON),Europe,German Army,US Military,Fortified Defense,Rolling/Mixed,Dry/Sunny/Temperate,2,0,4.726153846153847,,1.5,1,1,0,0,0,1,1,FF,1918,4
